<?xml version='1.0' encoding='utf-8'?>
<!DOCTYPE hibernate-configuration PUBLIC
    "-//Hibernate/Hibernate Configuration DTD//EN"
    "http://hibernate.sourceforge.net/hibernate-configuration-3.0.dtd">

 
<hibernate-configuration>
    <session-factory>
       <mapping class="e.hospital.bean.LoginBean" />
        <mapping class="e.hospital.bean.PatientRegisterBean" />
        <mapping class="e.hospital.bean.AppointmentBean" />
        <mapping class="e.hospital.bean.DoctorBean" />
        <mapping class="e.hospital.bean.LeaveBean" />
        <mapping class="e.hospital.bean.ProfileBean" />
        <mapping class="e.hospital.bean.ScheduleBean" />
        <mapping class="e.hospital.bean.SlotBean" />
        
    </session-factory>
	    
</hibernate-configuration>